{"coefficients": [0.6409823216411789, 0.5612307064733068, -0.06455035452545495, -0.00014456506032629892, -0.0011001476470840698, -0.0008273043641736398, 0.0002453057867578166, -0.00021021459132500105, -0.00042178216020826765, 0.0004929726290879116, 5.349200632591127e-05, 3.486007083577043e-05, -0.0010702285519147159, -0.0012235467499570963, 0.0007480542397451566, 0.00015925650782331447, -0.0014884471562574778, -0.0015708038157131654, -0.00030266277807833693, 0.0007124089268602854, 0.0005149532848850302, -0.0006610708978599621, -0.0003413172818757793, -0.0004755342804331108, -0.0009881107616429873, -0.00151624893762616, -0.0011480164711671135, -9.592906276235987e-05, 8.073800337525549e-05, 0.0005986440105470195, 0.0018101869708554534, 0.0008664670911795824, -0.0010711590735530136, -7.015473793806273e-05, -0.00024987951206517406, -0.0006219335885641252, -0.0015990295435115815, -0.0016667695551718133, -0.0003626327419889627, -0.00044166520139121566, -0.0005021916667582209, 0.0009978625901696737, 0.0006219428593089586, -0.001981521318217372, -0.00011767316455628049, -0.0010134090924696746, -0.0018770691701591197, -0.0018464656698992618, -0.0009686633585254873, -0.0008741899072999253, -0.0001368090619646394, -0.0005483303277229534, -0.0011753473278359435, 7.138114605556589e-05, 0.0007283065735412569, -0.0010842155488632623, 0.00028235029292820476, 0.0005301147762724812, 0.0007999746099518383, -0.0008684562985330057, -0.0004639253163494881], "intercept": 5.189096141310715}