{"coefficients": [0.6402185301368534, 0.5613019862363577, -0.06461136595742148, -0.00043415698847570905, -0.0009598210275947316, -0.00011924659366258084, 0.00011880245506290521, -0.0006920527303009294, -0.0005311473505571485, 0.00042431801557540894, -0.0004773139953613281, -0.000492095947265625, -0.0013427734375, -0.00146484375, 0.00030517578125, 0.0002288818359375, -0.0017858520150184631, -0.0017484528943896294, 7.322005086507488e-05, 0.001177564246795805, 0.0003899766565023388, -0.0006077435985805124, -0.00022673814419249538, -0.0008271951228380203, -0.00135040283203125, -0.0013427734375, -0.0013599395751953125, 0.00030662352219223976, 0.0001363668009162211, 0.0007313050866204485, 0.0022883755084611517, 0.0008182718712125433, -0.00045980454874753316, -0.0003473643513543641, -0.00033843205095803776, -0.0002501210418861485, -0.0019141158286686642, -0.0019417634465250136, 0.0005640751659035607, -0.000333286729531783, -4.279562000303089e-05, 0.0009488454588828421, -3.422293571878803e-05, -0.0011219715428320402, 0.0001790319562926918, -0.0011050470807794047, -0.001908396678067614, -0.002359242918309675, -0.0014747618228347177, -0.001403447211324881, -0.0003318061037769342, 3.45222029366184e-05, -0.0010195399777325137, 353377487713.21466, 352882394229.32965, 352346584525.3081, 353421222678.1975, -547071702524.6702, -545110070465.5868, -544671377944.4803, -545479431235.73413], "intercept": 5.188975487240238}