{"mean": [5.01312, 55.07471056036067, 10.024196061950589, 0.015733333333333332, 0.015293333333333334, 0.015453333333333333, 0.015293333333333334, 0.0146, 0.01492, 0.01492, 0.01536, 0.014333333333333333, 0.01484, 0.014746666666666667, 0.014733333333333333, 0.01528, 0.015986666666666666, 0.014253333333333333, 0.014786666666666667, 0.015186666666666666, 0.014946666666666667, 0.015706666666666667, 0.01468, 0.015186666666666666, 0.014066666666666667, 0.015386666666666667, 0.015266666666666666, 0.015026666666666667, 0.01572, 0.014946666666666667, 0.01516, 0.015346666666666666, 0.014506666666666666, 0.01548, 0.015173333333333334, 0.0142, 0.014786666666666667, 0.015253333333333334, 0.014746666666666667, 0.01584, 0.015466666666666667, 0.015493333333333333, 0.0158, 0.015893333333333332, 0.015626666666666667, 0.015253333333333334, 0.014666666666666666, 0.015306666666666666, 0.014413333333333334, 0.01472, 0.01504, 0.01456, 0.01532, 0.25078666666666666, 0.24973333333333333, 0.2486, 0.25088, 0.25205333333333335, 0.24934666666666666, 0.24874666666666667, 0.24985333333333334], "scale": [2.5838603933391346, 25.97781573162048, 5.775871058194476, 0.12444193648266469, 0.12271693969818871, 0.12334718408712143, 0.12271693969818871, 0.11994515413304535, 0.12123280744089036, 0.12123280744089036, 0.12297995934297586, 0.11886079626558495, 0.12091225909724787, 0.12053714153276113, 0.1204834520680007, 0.12266426374458049, 0.12542365468904007, 0.11853343757025787, 0.12069805779529158, 0.12229485607425285, 0.12133945698832767, 0.12433811679806354, 0.1202684397504183, 0.12229485607425286, 0.11776585054911105, 0.12308499971790046, 0.12261156371058791, 0.121658809609315, 0.12439003818634355, 0.12133945698832767, 0.12218909280291754, 0.12292740332769128, 0.11956681516578456, 0.12345189184455617, 0.12224198660398518, 0.1183146651941339, 0.1206980577952916, 0.12255883956514747, 0.12053714153276113, 0.12485629499548669, 0.1233995497920835, 0.12350421027461193, 0.12470108259353647, 0.1250629253171734, 0.12402610191228115, 0.12255883956514747, 0.12021462288571869, 0.12276959160240869, 0.11918720214668838, 0.12042973719144286, 0.12171194846850493, 0.119783164092455, 0.12282221948816917, 0.4334659323278923, 0.4328586322987628, 0.4322013882439528, 0.4335195792579615, 0.43419172088938873, 0.4326348419728685, 0.43228666702651014, 0.43292799072773697]}